[{"model": "cms.usersettings", "pk": 1, "fields": {"user": 1, "language": "en", "clipboard": 1}}, {"model": "cms.treenode", "pk": 1, "fields": {"path": "0001", "depth": 1, "numchild": 0, "parent": null, "site": 1}}, {"model": "cms.treenode", "pk": 2, "fields": {"path": "0002", "depth": 1, "numchild": 0, "parent": null, "site": 1}}, {"model": "cms.treenode", "pk": 3, "fields": {"path": "0003", "depth": 1, "numchild": 0, "parent": null, "site": 1}}, {"model": "cms.treenode", "pk": 4, "fields": {"path": "0004", "depth": 1, "numchild": 0, "parent": null, "site": 1}}, {"model": "cms.treenode", "pk": 5, "fields": {"path": "0005", "depth": 1, "numchild": 0, "parent": null, "site": 1}}, {"model": "cms.page", "pk": 1, "fields": {"created_by": "sebastian", "changed_by": "admin", "creation_date": "2020-07-08T10:23:26.790", "changed_date": "2020-07-11T15:10:58.125", "publication_date": "2020-07-08T10:23:26.823", "publication_end_date": null, "in_navigation": true, "soft_root": false, "reverse_id": null, "navigation_extenders": null, "template": "home.html", "login_required": false, "limit_visibility_in_menu": null, "is_home": true, "application_urls": "", "application_namespace": null, "publisher_is_draft": true, "publisher_public": 2, "languages": "en,de", "xframe_options": 0, "is_page_type": false, "node": 1, "placeholders": [2, 20, 21, 22, 23, 24, 25, 26, 27, 28, 29, 30, 31, 77, 78, 79]}}, {"model": "cms.page", "pk": 2, "fields": {"created_by": "sebastian", "changed_by": "admin", "creation_date": "2020-07-08T10:23:26.823", "changed_date": "2020-07-11T16:47:04.538", "publication_date": "2020-07-08T10:23:26.823", "publication_end_date": null, "in_navigation": true, "soft_root": false, "reverse_id": null, "navigation_extenders": null, "template": "home.html", "login_required": false, "limit_visibility_in_menu": null, "is_home": true, "application_urls": "", "application_namespace": null, "publisher_is_draft": false, "publisher_public": 1, "languages": "de,en", "xframe_options": 0, "is_page_type": false, "node": 1, "placeholders": [3, 32, 33, 34, 35, 36, 37, 38, 39, 40, 41, 42, 43, 80, 81, 82]}}, {"model": "cms.page", "pk": 3, "fields": {"created_by": "sebastian", "changed_by": "admin", "creation_date": "2020-07-08T10:24:00.904", "changed_date": "2020-07-11T15:45:37.131", "publication_date": "2020-07-08T11:00:48.451", "publication_end_date": null, "in_navigation": true, "soft_root": false, "reverse_id": null, "navigation_extenders": null, "template": "about.html", "login_required": false, "limit_visibility_in_menu": null, "is_home": false, "application_urls": "", "application_namespace": null, "publisher_is_draft": true, "publisher_public": 7, "languages": "en,de", "xframe_options": 0, "is_page_type": false, "node": 2, "placeholders": [4, 5, 6, 7, 8, 9, 10, 11, 12, 13, 14, 15, 16, 44, 45]}}, {"model": "cms.page", "pk": 4, "fields": {"created_by": "sebastian", "changed_by": "admin", "creation_date": "2020-07-08T10:24:48.900", "changed_date": "2020-07-08T10:25:33.412", "publication_date": "2020-07-08T11:07:53.340", "publication_end_date": null, "in_navigation": true, "soft_root": false, "reverse_id": null, "navigation_extenders": null, "template": "impressum.html", "login_required": false, "limit_visibility_in_menu": null, "is_home": false, "application_urls": "", "application_namespace": null, "publisher_is_draft": true, "publisher_public": 8, "languages": "en,de", "xframe_options": 0, "is_page_type": false, "node": 3, "placeholders": [17, 61, 62]}}, {"model": "cms.page", "pk": 5, "fields": {"created_by": "sebastian", "changed_by": "sebastian", "creation_date": "2020-07-08T10:25:55.731", "changed_date": "2020-07-08T11:14:55.243", "publication_date": "2020-07-08T11:15:02.047", "publication_end_date": null, "in_navigation": true, "soft_root": false, "reverse_id": null, "navigation_extenders": null, "template": "dataprotection.html", "login_required": false, "limit_visibility_in_menu": null, "is_home": false, "application_urls": "", "application_namespace": null, "publisher_is_draft": true, "publisher_public": 9, "languages": "en,de", "xframe_options": 0, "is_page_type": false, "node": 4, "placeholders": [18, 66, 67]}}, {"model": "cms.page", "pk": 6, "fields": {"created_by": "sebastian", "changed_by": "admin", "creation_date": "2020-07-08T10:26:34.349", "changed_date": "2020-07-11T16:06:38.764", "publication_date": "2020-07-08T11:16:27.030", "publication_end_date": null, "in_navigation": true, "soft_root": false, "reverse_id": null, "navigation_extenders": null, "template": "terms-of-use.html", "login_required": false, "limit_visibility_in_menu": null, "is_home": false, "application_urls": "", "application_namespace": null, "publisher_is_draft": true, "publisher_public": 10, "languages": "en,de", "xframe_options": 0, "is_page_type": false, "node": 5, "placeholders": [19, 71, 72]}}, {"model": "cms.page", "pk": 7, "fields": {"created_by": "sebastian", "changed_by": "admin", "creation_date": "2020-07-08T11:00:48.451", "changed_date": "2020-07-11T15:49:12.722", "publication_date": "2020-07-08T11:00:48.451", "publication_end_date": null, "in_navigation": true, "soft_root": false, "reverse_id": null, "navigation_extenders": null, "template": "about.html", "login_required": false, "limit_visibility_in_menu": null, "is_home": false, "application_urls": "", "application_namespace": null, "publisher_is_draft": false, "publisher_public": 3, "languages": "de,en", "xframe_options": 0, "is_page_type": false, "node": 2, "placeholders": [46, 47, 48, 49, 50, 51, 52, 53, 54, 55, 56, 57, 58, 59, 60]}}, {"model": "cms.page", "pk": 8, "fields": {"created_by": "sebastian", "changed_by": "admin", "creation_date": "2020-07-08T11:07:53.341", "changed_date": "2020-07-11T15:58:40.825", "publication_date": "2020-07-08T11:07:53.340", "publication_end_date": null, "in_navigation": true, "soft_root": false, "reverse_id": null, "navigation_extenders": null, "template": "impressum.html", "login_required": false, "limit_visibility_in_menu": null, "is_home": false, "application_urls": "", "application_namespace": null, "publisher_is_draft": false, "publisher_public": 4, "languages": "de", "xframe_options": 0, "is_page_type": false, "node": 3, "placeholders": [63, 64, 65]}}, {"model": "cms.page", "pk": 9, "fields": {"created_by": "sebastian", "changed_by": "sebastian", "creation_date": "2020-07-08T11:15:02.047", "changed_date": "2020-07-08T11:15:02.047", "publication_date": "2020-07-08T11:15:02.047", "publication_end_date": null, "in_navigation": true, "soft_root": false, "reverse_id": null, "navigation_extenders": null, "template": "dataprotection.html", "login_required": false, "limit_visibility_in_menu": null, "is_home": false, "application_urls": "", "application_namespace": null, "publisher_is_draft": false, "publisher_public": 5, "languages": "de", "xframe_options": 0, "is_page_type": false, "node": 4, "placeholders": [68, 69, 70]}}, {"model": "cms.page", "pk": 10, "fields": {"created_by": "sebastian", "changed_by": "admin", "creation_date": "2020-07-08T11:16:27.033", "changed_date": "2020-07-11T16:07:10.831", "publication_date": "2020-07-08T11:16:27.030", "publication_end_date": null, "in_navigation": true, "soft_root": false, "reverse_id": null, "navigation_extenders": null, "template": "terms-of-use.html", "login_required": false, "limit_visibility_in_menu": null, "is_home": false, "application_urls": "", "application_namespace": null, "publisher_is_draft": false, "publisher_public": 6, "languages": "de", "xframe_options": 0, "is_page_type": false, "node": 5, "placeholders": [73, 74, 75]}}, {"model": "cms.placeholder", "pk": 1, "fields": {"slot": "clipboard", "default_width": null}}, {"model": "cms.placeholder", "pk": 2, "fields": {"slot": "content", "default_width": null}}, {"model": "cms.placeholder", "pk": 3, "fields": {"slot": "content", "default_width": null}}, {"model": "cms.placeholder", "pk": 4, "fields": {"slot": "slogan", "default_width": null}}, {"model": "cms.placeholder", "pk": 5, "fields": {"slot": "introduction A", "default_width": null}}, {"model": "cms.placeholder", "pk": 6, "fields": {"slot": "name A", "default_width": null}}, {"model": "cms.placeholder", "pk": 7, "fields": {"slot": "description A", "default_width": null}}, {"model": "cms.placeholder", "pk": 8, "fields": {"slot": "text button A", "default_width": null}}, {"model": "cms.placeholder", "pk": 9, "fields": {"slot": "introduction B", "default_width": null}}, {"model": "cms.placeholder", "pk": 10, "fields": {"slot": "name B", "default_width": null}}, {"model": "cms.placeholder", "pk": 11, "fields": {"slot": "description B", "default_width": null}}, {"model": "cms.placeholder", "pk": 12, "fields": {"slot": "text button B", "default_width": null}}, {"model": "cms.placeholder", "pk": 13, "fields": {"slot": "description heading", "default_width": null}}, {"model": "cms.placeholder", "pk": 14, "fields": {"slot": "description website", "default_width": null}}, {"model": "cms.placeholder", "pk": 15, "fields": {"slot": "more content", "default_width": null}}, {"model": "cms.placeholder", "pk": 16, "fields": {"slot": "content", "default_width": null}}, {"model": "cms.placeholder", "pk": 17, "fields": {"slot": "content", "default_width": null}}, {"model": "cms.placeholder", "pk": 18, "fields": {"slot": "content", "default_width": null}}, {"model": "cms.placeholder", "pk": 19, "fields": {"slot": "content", "default_width": null}}, {"model": "cms.placeholder", "pk": 20, "fields": {"slot": "slogan", "default_width": null}}, {"model": "cms.placeholder", "pk": 21, "fields": {"slot": "introduction A", "default_width": null}}, {"model": "cms.placeholder", "pk": 22, "fields": {"slot": "name A", "default_width": null}}, {"model": "cms.placeholder", "pk": 23, "fields": {"slot": "description A", "default_width": null}}, {"model": "cms.placeholder", "pk": 24, "fields": {"slot": "text button A", "default_width": null}}, {"model": "cms.placeholder", "pk": 25, "fields": {"slot": "introduction B", "default_width": null}}, {"model": "cms.placeholder", "pk": 26, "fields": {"slot": "name B", "default_width": null}}, {"model": "cms.placeholder", "pk": 27, "fields": {"slot": "description B", "default_width": null}}, {"model": "cms.placeholder", "pk": 28, "fields": {"slot": "text button B", "default_width": null}}, {"model": "cms.placeholder", "pk": 29, "fields": {"slot": "description heading", "default_width": null}}, {"model": "cms.placeholder", "pk": 30, "fields": {"slot": "description website", "default_width": null}}, {"model": "cms.placeholder", "pk": 31, "fields": {"slot": "more content", "default_width": null}}, {"model": "cms.placeholder", "pk": 32, "fields": {"slot": "slogan", "default_width": null}}, {"model": "cms.placeholder", "pk": 33, "fields": {"slot": "introduction A", "default_width": null}}, {"model": "cms.placeholder", "pk": 34, "fields": {"slot": "name A", "default_width": null}}, {"model": "cms.placeholder", "pk": 35, "fields": {"slot": "description A", "default_width": null}}, {"model": "cms.placeholder", "pk": 36, "fields": {"slot": "text button A", "default_width": null}}, {"model": "cms.placeholder", "pk": 37, "fields": {"slot": "introduction B", "default_width": null}}, {"model": "cms.placeholder", "pk": 38, "fields": {"slot": "name B", "default_width": null}}, {"model": "cms.placeholder", "pk": 39, "fields": {"slot": "description B", "default_width": null}}, {"model": "cms.placeholder", "pk": 40, "fields": {"slot": "text button B", "default_width": null}}, {"model": "cms.placeholder", "pk": 41, "fields": {"slot": "description heading", "default_width": null}}, {"model": "cms.placeholder", "pk": 42, "fields": {"slot": "description website", "default_width": null}}, {"model": "cms.placeholder", "pk": 43, "fields": {"slot": "more content", "default_width": null}}, {"model": "cms.placeholder", "pk": 44, "fields": {"slot": "introduction", "default_width": null}}, {"model": "cms.placeholder", "pk": 45, "fields": {"slot": "explanation", "default_width": null}}, {"model": "cms.placeholder", "pk": 46, "fields": {"slot": "slogan", "default_width": null}}, {"model": "cms.placeholder", "pk": 47, "fields": {"slot": "introduction A", "default_width": null}}, {"model": "cms.placeholder", "pk": 48, "fields": {"slot": "name A", "default_width": null}}, {"model": "cms.placeholder", "pk": 49, "fields": {"slot": "description A", "default_width": null}}, {"model": "cms.placeholder", "pk": 50, "fields": {"slot": "text button A", "default_width": null}}, {"model": "cms.placeholder", "pk": 51, "fields": {"slot": "introduction B", "default_width": null}}, {"model": "cms.placeholder", "pk": 52, "fields": {"slot": "name B", "default_width": null}}, {"model": "cms.placeholder", "pk": 53, "fields": {"slot": "description B", "default_width": null}}, {"model": "cms.placeholder", "pk": 54, "fields": {"slot": "text button B", "default_width": null}}, {"model": "cms.placeholder", "pk": 55, "fields": {"slot": "description heading", "default_width": null}}, {"model": "cms.placeholder", "pk": 56, "fields": {"slot": "description website", "default_width": null}}, {"model": "cms.placeholder", "pk": 57, "fields": {"slot": "more content", "default_width": null}}, {"model": "cms.placeholder", "pk": 58, "fields": {"slot": "content", "default_width": null}}, {"model": "cms.placeholder", "pk": 59, "fields": {"slot": "introduction", "default_width": null}}, {"model": "cms.placeholder", "pk": 60, "fields": {"slot": "explanation", "default_width": null}}, {"model": "cms.placeholder", "pk": 61, "fields": {"slot": "imprint left column", "default_width": null}}, {"model": "cms.placeholder", "pk": 62, "fields": {"slot": "imprint text", "default_width": null}}, {"model": "cms.placeholder", "pk": 63, "fields": {"slot": "content", "default_width": null}}, {"model": "cms.placeholder", "pk": 64, "fields": {"slot": "imprint left column", "default_width": null}}, {"model": "cms.placeholder", "pk": 65, "fields": {"slot": "imprint text", "default_width": null}}, {"model": "cms.placeholder", "pk": 66, "fields": {"slot": "data protection title", "default_width": null}}, {"model": "cms.placeholder", "pk": 67, "fields": {"slot": "data protection text", "default_width": null}}, {"model": "cms.placeholder", "pk": 68, "fields": {"slot": "content", "default_width": null}}, {"model": "cms.placeholder", "pk": 69, "fields": {"slot": "data protection title", "default_width": null}}, {"model": "cms.placeholder", "pk": 70, "fields": {"slot": "data protection text", "default_width": null}}, {"model": "cms.placeholder", "pk": 71, "fields": {"slot": "terms of use title", "default_width": null}}, {"model": "cms.placeholder", "pk": 72, "fields": {"slot": "terms of use text", "default_width": null}}, {"model": "cms.placeholder", "pk": 73, "fields": {"slot": "content", "default_width": null}}, {"model": "cms.placeholder", "pk": 74, "fields": {"slot": "terms of use title", "default_width": null}}, {"model": "cms.placeholder", "pk": 75, "fields": {"slot": "terms of use text", "default_width": null}}, {"model": "cms.placeholder", "pk": 77, "fields": {"slot": "meta", "default_width": null}}, {"model": "cms.placeholder", "pk": 78, "fields": {"slot": "text register button A", "default_width": null}}, {"model": "cms.placeholder", "pk": 79, "fields": {"slot": "text register button B", "default_width": null}}, {"model": "cms.placeholder", "pk": 80, "fields": {"slot": "meta", "default_width": null}}, {"model": "cms.placeholder", "pk": 81, "fields": {"slot": "text register button A", "default_width": null}}, {"model": "cms.placeholder", "pk": 82, "fields": {"slot": "text register button B", "default_width": null}}, {"model": "cms.cmsplugin", "pk": 1, "fields": {"path": "0001", "depth": 1, "numchild": 0, "placeholder": 20, "parent": null, "position": 0, "language": "en", "plugin_type": "TextPlugin", "creation_date": "2020-07-08T10:42:17.314", "changed_date": "2020-07-08T10:42:34.387"}}, {"model": "cms.cmsplugin", "pk": 2, "fields": {"path": "0002", "depth": 1, "numchild": 0, "placeholder": 21, "parent": null, "position": 0, "language": "en", "plugin_type": "TextPlugin", "creation_date": "2020-07-08T10:42:52.692", "changed_date": "2020-07-08T10:43:13.045"}}, {"model": "cms.cmsplugin", "pk": 3, "fields": {"path": "0003", "depth": 1, "numchild": 0, "placeholder": 25, "parent": null, "position": 0, "language": "en", "plugin_type": "TextPlugin", "creation_date": "2020-07-08T10:43:21.994", "changed_date": "2020-07-08T10:43:40.107"}}, {"model": "cms.cmsplugin", "pk": 4, "fields": {"path": "0004", "depth": 1, "numchild": 0, "placeholder": 22, "parent": null, "position": 0, "language": "en", "plugin_type": "TextPlugin", "creation_date": "2020-07-08T10:43:51.794", "changed_date": "2020-07-08T10:44:05.552"}}, {"model": "cms.cmsplugin", "pk": 5, "fields": {"path": "0005", "depth": 1, "numchild": 0, "placeholder": 26, "parent": null, "position": 0, "language": "en", "plugin_type": "TextPlugin", "creation_date": "2020-07-08T10:44:12.093", "changed_date": "2020-07-08T10:44:34.411"}}, {"model": "cms.cmsplugin", "pk": 6, "fields": {"path": "0006", "depth": 1, "numchild": 0, "placeholder": 23, "parent": null, "position": 0, "language": "en", "plugin_type": "TextPlugin", "creation_date": "2020-07-08T10:44:47.344", "changed_date": "2020-07-08T10:44:55.534"}}, {"model": "cms.cmsplugin", "pk": 7, "fields": {"path": "0007", "depth": 1, "numchild": 0, "placeholder": 24, "parent": null, "position": 0, "language": "en", "plugin_type": "TextPlugin", "creation_date": "2020-07-08T10:45:05.559", "changed_date": "2020-07-08T10:45:24.550"}}, {"model": "cms.cmsplugin", "pk": 8, "fields": {"path": "0008", "depth": 1, "numchild": 0, "placeholder": 27, "parent": null, "position": 0, "language": "en", "plugin_type": "TextPlugin", "creation_date": "2020-07-08T10:53:35.341", "changed_date": "2020-07-08T10:53:58.895"}}, {"model": "cms.cmsplugin", "pk": 9, "fields": {"path": "0009", "depth": 1, "numchild": 0, "placeholder": 28, "parent": null, "position": 0, "language": "en", "plugin_type": "TextPlugin", "creation_date": "2020-07-08T10:54:17.815", "changed_date": "2020-07-08T10:54:35.735"}}, {"model": "cms.cmsplugin", "pk": 10, "fields": {"path": "000A", "depth": 1, "numchild": 0, "placeholder": 29, "parent": null, "position": 0, "language": "en", "plugin_type": "TextPlugin", "creation_date": "2020-07-08T10:54:50.977", "changed_date": "2020-07-08T10:55:04.129"}}, {"model": "cms.cmsplugin", "pk": 11, "fields": {"path": "000B", "depth": 1, "numchild": 0, "placeholder": 30, "parent": null, "position": 0, "language": "en", "plugin_type": "TextPlugin", "creation_date": "2020-07-08T10:55:14.464", "changed_date": "2020-07-11T15:33:13.043"}}, {"model": "cms.cmsplugin", "pk": 12, "fields": {"path": "000C", "depth": 1, "numchild": 0, "placeholder": 31, "parent": null, "position": 0, "language": "en", "plugin_type": "TextPlugin", "creation_date": "2020-07-08T10:55:39.678", "changed_date": "2020-07-08T10:55:47.346"}}, {"model": "cms.cmsplugin", "pk": 25, "fields": {"path": "000P", "depth": 1, "numchild": 0, "placeholder": 44, "parent": null, "position": 0, "language": "en", "plugin_type": "TextPlugin", "creation_date": "2020-07-08T10:59:52.209", "changed_date": "2020-07-11T15:46:04.532"}}, {"model": "cms.cmsplugin", "pk": 26, "fields": {"path": "000Q", "depth": 1, "numchild": 0, "placeholder": 45, "parent": null, "position": 0, "language": "en", "plugin_type": "TextPlugin", "creation_date": "2020-07-08T11:00:23.783", "changed_date": "2020-07-08T11:00:30.900"}}, {"model": "cms.cmsplugin", "pk": 29, "fields": {"path": "000T", "depth": 1, "numchild": 0, "placeholder": 61, "parent": null, "position": 0, "language": "de", "plugin_type": "TextPlugin", "creation_date": "2020-07-08T11:01:47.558", "changed_date": "2020-07-08T11:02:55.827"}}, {"model": "cms.cmsplugin", "pk": 31, "fields": {"path": "000V", "depth": 1, "numchild": 0, "placeholder": 62, "parent": null, "position": 0, "language": "de", "plugin_type": "TextPlugin", "creation_date": "2020-07-08T11:12:29.896", "changed_date": "2020-07-11T15:58:10.833"}}, {"model": "cms.cmsplugin", "pk": 34, "fields": {"path": "000Y", "depth": 1, "numchild": 0, "placeholder": 66, "parent": null, "position": 0, "language": "de", "plugin_type": "TextPlugin", "creation_date": "2020-07-08T11:13:33.552", "changed_date": "2020-07-08T11:13:41.733"}}, {"model": "cms.cmsplugin", "pk": 35, "fields": {"path": "000Z", "depth": 1, "numchild": 0, "placeholder": 67, "parent": null, "position": 0, "language": "de", "plugin_type": "TextPlugin", "creation_date": "2020-07-08T11:13:50.578", "changed_date": "2020-07-08T11:14:13.130"}}, {"model": "cms.cmsplugin", "pk": 36, "fields": {"path": "0010", "depth": 1, "numchild": 0, "placeholder": 69, "parent": null, "position": 0, "language": "de", "plugin_type": "TextPlugin", "creation_date": "2020-07-08T11:13:33.552", "changed_date": "2020-07-08T11:15:02.114"}}, {"model": "cms.cmsplugin", "pk": 37, "fields": {"path": "0011", "depth": 1, "numchild": 0, "placeholder": 70, "parent": null, "position": 0, "language": "de", "plugin_type": "TextPlugin", "creation_date": "2020-07-08T11:13:50.578", "changed_date": "2020-07-08T11:15:02.160"}}, {"model": "cms.cmsplugin", "pk": 38, "fields": {"path": "0012", "depth": 1, "numchild": 0, "placeholder": 71, "parent": null, "position": 0, "language": "de", "plugin_type": "TextPlugin", "creation_date": "2020-07-08T11:15:40.914", "changed_date": "2020-07-08T11:15:46.597"}}, {"model": "cms.cmsplugin", "pk": 39, "fields": {"path": "0013", "depth": 1, "numchild": 0, "placeholder": 72, "parent": null, "position": 0, "language": "de", "plugin_type": "TextPlugin", "creation_date": "2020-07-08T11:15:56.608", "changed_date": "2020-07-08T11:16:03.475"}}, {"model": "cms.cmsplugin", "pk": 44, "fields": {"path": "0016", "depth": 1, "numchild": 0, "placeholder": 20, "parent": null, "position": 0, "language": "de", "plugin_type": "TextPlugin", "creation_date": "2020-07-08T21:30:26.076", "changed_date": "2020-07-08T21:40:38.160"}}, {"model": "cms.cmsplugin", "pk": 45, "fields": {"path": "0017", "depth": 1, "numchild": 0, "placeholder": 21, "parent": null, "position": 0, "language": "de", "plugin_type": "TextPlugin", "creation_date": "2020-07-08T21:31:27.536", "changed_date": "2020-07-08T21:40:47.950"}}, {"model": "cms.cmsplugin", "pk": 46, "fields": {"path": "0018", "depth": 1, "numchild": 0, "placeholder": 25, "parent": null, "position": 0, "language": "de", "plugin_type": "TextPlugin", "creation_date": "2020-07-08T21:31:38.764", "changed_date": "2020-07-08T21:41:24.704"}}, {"model": "cms.cmsplugin", "pk": 47, "fields": {"path": "0019", "depth": 1, "numchild": 0, "placeholder": 22, "parent": null, "position": 0, "language": "de", "plugin_type": "TextPlugin", "creation_date": "2020-07-08T21:31:48.012", "changed_date": "2020-07-08T21:40:59.032"}}, {"model": "cms.cmsplugin", "pk": 48, "fields": {"path": "001A", "depth": 1, "numchild": 0, "placeholder": 26, "parent": null, "position": 0, "language": "de", "plugin_type": "TextPlugin", "creation_date": "2020-07-08T21:31:56.922", "changed_date": "2020-07-08T21:41:34.603"}}, {"model": "cms.cmsplugin", "pk": 49, "fields": {"path": "001B", "depth": 1, "numchild": 0, "placeholder": 23, "parent": null, "position": 0, "language": "de", "plugin_type": "TextPlugin", "creation_date": "2020-07-08T21:32:39.894", "changed_date": "2020-07-11T15:24:26.520"}}, {"model": "cms.cmsplugin", "pk": 50, "fields": {"path": "001C", "depth": 1, "numchild": 0, "placeholder": 27, "parent": null, "position": 0, "language": "de", "plugin_type": "TextPlugin", "creation_date": "2020-07-08T21:33:28.439", "changed_date": "2020-07-08T21:41:43.930"}}, {"model": "cms.cmsplugin", "pk": 51, "fields": {"path": "001D", "depth": 1, "numchild": 0, "placeholder": 24, "parent": null, "position": 0, "language": "de", "plugin_type": "TextPlugin", "creation_date": "2020-07-08T21:36:18.848", "changed_date": "2020-07-08T21:41:16.369"}}, {"model": "cms.cmsplugin", "pk": 52, "fields": {"path": "001E", "depth": 1, "numchild": 0, "placeholder": 28, "parent": null, "position": 0, "language": "de", "plugin_type": "TextPlugin", "creation_date": "2020-07-08T21:36:51.014", "changed_date": "2020-07-08T21:41:54.244"}}, {"model": "cms.cmsplugin", "pk": 53, "fields": {"path": "001F", "depth": 1, "numchild": 0, "placeholder": 29, "parent": null, "position": 0, "language": "de", "plugin_type": "TextPlugin", "creation_date": "2020-07-08T21:37:15.957", "changed_date": "2020-07-08T21:42:04.855"}}, {"model": "cms.cmsplugin", "pk": 54, "fields": {"path": "001G", "depth": 1, "numchild": 0, "placeholder": 30, "parent": null, "position": 0, "language": "de", "plugin_type": "TextPlugin", "creation_date": "2020-07-08T21:37:38.066", "changed_date": "2020-07-11T16:46:59.784"}}, {"model": "cms.cmsplugin", "pk": 55, "fields": {"path": "001H", "depth": 1, "numchild": 0, "placeholder": 31, "parent": null, "position": 0, "language": "de", "plugin_type": "TextPlugin", "creation_date": "2020-07-08T21:38:02.617", "changed_date": "2020-07-08T21:42:22.940"}}, {"model": "cms.cmsplugin", "pk": 80, "fields": {"path": "001U", "depth": 1, "numchild": 0, "placeholder": 78, "parent": null, "position": 0, "language": "en", "plugin_type": "TextPlugin", "creation_date": "2020-07-10T12:32:45.333", "changed_date": "2020-07-10T12:33:00.466"}}, {"model": "cms.cmsplugin", "pk": 81, "fields": {"path": "001V", "depth": 1, "numchild": 0, "placeholder": 79, "parent": null, "position": 0, "language": "en", "plugin_type": "TextPlugin", "creation_date": "2020-07-10T12:33:06.373", "changed_date": "2020-07-10T12:33:14.503"}}, {"model": "cms.cmsplugin", "pk": 120, "fields": {"path": "002M", "depth": 1, "numchild": 0, "placeholder": 78, "parent": null, "position": 0, "language": "de", "plugin_type": "TextPlugin", "creation_date": "2020-07-11T15:14:13.168", "changed_date": "2020-07-11T15:35:38.485"}}, {"model": "cms.cmsplugin", "pk": 121, "fields": {"path": "002N", "depth": 1, "numchild": 0, "placeholder": 79, "parent": null, "position": 0, "language": "de", "plugin_type": "TextPlugin", "creation_date": "2020-07-11T15:21:18.394", "changed_date": "2020-07-11T15:35:14.975"}}, {"model": "cms.cmsplugin", "pk": 165, "fields": {"path": "0032", "depth": 1, "numchild": 0, "placeholder": 32, "parent": null, "position": 0, "language": "en", "plugin_type": "TextPlugin", "creation_date": "2020-07-08T10:42:17.314", "changed_date": "2020-07-11T15:36:32.538"}}, {"model": "cms.cmsplugin", "pk": 166, "fields": {"path": "0033", "depth": 1, "numchild": 0, "placeholder": 33, "parent": null, "position": 0, "language": "en", "plugin_type": "TextPlugin", "creation_date": "2020-07-08T10:42:52.692", "changed_date": "2020-07-11T15:36:32.552"}}, {"model": "cms.cmsplugin", "pk": 167, "fields": {"path": "0034", "depth": 1, "numchild": 0, "placeholder": 34, "parent": null, "position": 0, "language": "en", "plugin_type": "TextPlugin", "creation_date": "2020-07-08T10:43:51.794", "changed_date": "2020-07-11T15:36:32.566"}}, {"model": "cms.cmsplugin", "pk": 168, "fields": {"path": "0035", "depth": 1, "numchild": 0, "placeholder": 35, "parent": null, "position": 0, "language": "en", "plugin_type": "TextPlugin", "creation_date": "2020-07-08T10:44:47.344", "changed_date": "2020-07-11T15:36:32.577"}}, {"model": "cms.cmsplugin", "pk": 169, "fields": {"path": "0036", "depth": 1, "numchild": 0, "placeholder": 36, "parent": null, "position": 0, "language": "en", "plugin_type": "TextPlugin", "creation_date": "2020-07-08T10:45:05.559", "changed_date": "2020-07-11T15:36:32.591"}}, {"model": "cms.cmsplugin", "pk": 170, "fields": {"path": "0037", "depth": 1, "numchild": 0, "placeholder": 37, "parent": null, "position": 0, "language": "en", "plugin_type": "TextPlugin", "creation_date": "2020-07-08T10:43:21.994", "changed_date": "2020-07-11T15:36:32.605"}}, {"model": "cms.cmsplugin", "pk": 171, "fields": {"path": "0038", "depth": 1, "numchild": 0, "placeholder": 38, "parent": null, "position": 0, "language": "en", "plugin_type": "TextPlugin", "creation_date": "2020-07-08T10:44:12.093", "changed_date": "2020-07-11T15:36:32.618"}}, {"model": "cms.cmsplugin", "pk": 172, "fields": {"path": "0039", "depth": 1, "numchild": 0, "placeholder": 39, "parent": null, "position": 0, "language": "en", "plugin_type": "TextPlugin", "creation_date": "2020-07-08T10:53:35.341", "changed_date": "2020-07-11T15:36:32.632"}}, {"model": "cms.cmsplugin", "pk": 173, "fields": {"path": "003A", "depth": 1, "numchild": 0, "placeholder": 40, "parent": null, "position": 0, "language": "en", "plugin_type": "TextPlugin", "creation_date": "2020-07-08T10:54:17.815", "changed_date": "2020-07-11T15:36:32.644"}}, {"model": "cms.cmsplugin", "pk": 174, "fields": {"path": "003B", "depth": 1, "numchild": 0, "placeholder": 41, "parent": null, "position": 0, "language": "en", "plugin_type": "TextPlugin", "creation_date": "2020-07-08T10:54:50.977", "changed_date": "2020-07-11T15:36:32.660"}}, {"model": "cms.cmsplugin", "pk": 175, "fields": {"path": "003C", "depth": 1, "numchild": 0, "placeholder": 42, "parent": null, "position": 0, "language": "en", "plugin_type": "TextPlugin", "creation_date": "2020-07-08T10:55:14.464", "changed_date": "2020-07-11T15:36:32.680"}}, {"model": "cms.cmsplugin", "pk": 176, "fields": {"path": "003D", "depth": 1, "numchild": 0, "placeholder": 43, "parent": null, "position": 0, "language": "en", "plugin_type": "TextPlugin", "creation_date": "2020-07-08T10:55:39.678", "changed_date": "2020-07-11T15:36:32.691"}}, {"model": "cms.cmsplugin", "pk": 177, "fields": {"path": "003E", "depth": 1, "numchild": 0, "placeholder": 81, "parent": null, "position": 0, "language": "en", "plugin_type": "TextPlugin", "creation_date": "2020-07-10T12:32:45.333", "changed_date": "2020-07-11T15:36:32.706"}}, {"model": "cms.cmsplugin", "pk": 178, "fields": {"path": "003F", "depth": 1, "numchild": 0, "placeholder": 82, "parent": null, "position": 0, "language": "en", "plugin_type": "TextPlugin", "creation_date": "2020-07-10T12:33:06.373", "changed_date": "2020-07-11T15:36:32.718"}}, {"model": "cms.cmsplugin", "pk": 179, "fields": {"path": "003G", "depth": 1, "numchild": 0, "placeholder": 59, "parent": null, "position": 0, "language": "en", "plugin_type": "TextPlugin", "creation_date": "2020-07-08T10:59:52.209", "changed_date": "2020-07-11T15:46:21.526"}}, {"model": "cms.cmsplugin", "pk": 180, "fields": {"path": "003H", "depth": 1, "numchild": 0, "placeholder": 60, "parent": null, "position": 0, "language": "en", "plugin_type": "TextPlugin", "creation_date": "2020-07-08T11:00:23.783", "changed_date": "2020-07-11T15:46:21.536"}}, {"model": "cms.cmsplugin", "pk": 181, "fields": {"path": "003I", "depth": 1, "numchild": 0, "placeholder": 44, "parent": null, "position": 0, "language": "de", "plugin_type": "TextPlugin", "creation_date": "2020-07-11T15:47:37.712", "changed_date": "2020-07-11T15:48:04.381"}}, {"model": "cms.cmsplugin", "pk": 182, "fields": {"path": "003J", "depth": 1, "numchild": 0, "placeholder": 45, "parent": null, "position": 0, "language": "de", "plugin_type": "TextPlugin", "creation_date": "2020-07-11T15:48:17.742", "changed_date": "2020-07-11T15:48:30.375"}}, {"model": "cms.cmsplugin", "pk": 183, "fields": {"path": "003K", "depth": 1, "numchild": 0, "placeholder": 59, "parent": null, "position": 0, "language": "de", "plugin_type": "TextPlugin", "creation_date": "2020-07-11T15:47:37.712", "changed_date": "2020-07-11T15:49:12.771"}}, {"model": "cms.cmsplugin", "pk": 184, "fields": {"path": "003L", "depth": 1, "numchild": 0, "placeholder": 60, "parent": null, "position": 0, "language": "de", "plugin_type": "TextPlugin", "creation_date": "2020-07-11T15:48:17.742", "changed_date": "2020-07-11T15:49:12.783"}}, {"model": "cms.cmsplugin", "pk": 185, "fields": {"path": "003M", "depth": 1, "numchild": 0, "placeholder": 64, "parent": null, "position": 0, "language": "de", "plugin_type": "TextPlugin", "creation_date": "2020-07-08T11:01:47.558", "changed_date": "2020-07-11T15:58:40.891"}}, {"model": "cms.cmsplugin", "pk": 186, "fields": {"path": "003N", "depth": 1, "numchild": 0, "placeholder": 65, "parent": null, "position": 0, "language": "de", "plugin_type": "TextPlugin", "creation_date": "2020-07-08T11:12:29.896", "changed_date": "2020-07-11T15:58:40.907"}}, {"model": "cms.cmsplugin", "pk": 189, "fields": {"path": "003O", "depth": 1, "numchild": 0, "placeholder": 74, "parent": null, "position": 0, "language": "de", "plugin_type": "TextPlugin", "creation_date": "2020-07-08T11:15:40.914", "changed_date": "2020-07-11T16:07:10.874"}}, {"model": "cms.cmsplugin", "pk": 190, "fields": {"path": "003P", "depth": 1, "numchild": 0, "placeholder": 75, "parent": null, "position": 0, "language": "de", "plugin_type": "TextPlugin", "creation_date": "2020-07-08T11:15:56.608", "changed_date": "2020-07-11T16:07:10.888"}}, {"model": "cms.cmsplugin", "pk": 191, "fields": {"path": "003Q", "depth": 1, "numchild": 0, "placeholder": 32, "parent": null, "position": 0, "language": "de", "plugin_type": "TextPlugin", "creation_date": "2020-07-08T21:30:26.076", "changed_date": "2020-07-11T16:47:04.821"}}, {"model": "cms.cmsplugin", "pk": 192, "fields": {"path": "003R", "depth": 1, "numchild": 0, "placeholder": 33, "parent": null, "position": 0, "language": "de", "plugin_type": "TextPlugin", "creation_date": "2020-07-08T21:31:27.536", "changed_date": "2020-07-11T16:47:04.839"}}, {"model": "cms.cmsplugin", "pk": 193, "fields": {"path": "003S", "depth": 1, "numchild": 0, "placeholder": 34, "parent": null, "position": 0, "language": "de", "plugin_type": "TextPlugin", "creation_date": "2020-07-08T21:31:48.012", "changed_date": "2020-07-11T16:47:04.859"}}, {"model": "cms.cmsplugin", "pk": 194, "fields": {"path": "003T", "depth": 1, "numchild": 0, "placeholder": 35, "parent": null, "position": 0, "language": "de", "plugin_type": "TextPlugin", "creation_date": "2020-07-08T21:32:39.894", "changed_date": "2020-07-11T16:47:04.876"}}, {"model": "cms.cmsplugin", "pk": 195, "fields": {"path": "003U", "depth": 1, "numchild": 0, "placeholder": 36, "parent": null, "position": 0, "language": "de", "plugin_type": "TextPlugin", "creation_date": "2020-07-08T21:36:18.848", "changed_date": "2020-07-11T16:47:04.894"}}, {"model": "cms.cmsplugin", "pk": 196, "fields": {"path": "003V", "depth": 1, "numchild": 0, "placeholder": 37, "parent": null, "position": 0, "language": "de", "plugin_type": "TextPlugin", "creation_date": "2020-07-08T21:31:38.764", "changed_date": "2020-07-11T16:47:04.915"}}, {"model": "cms.cmsplugin", "pk": 197, "fields": {"path": "003W", "depth": 1, "numchild": 0, "placeholder": 38, "parent": null, "position": 0, "language": "de", "plugin_type": "TextPlugin", "creation_date": "2020-07-08T21:31:56.922", "changed_date": "2020-07-11T16:47:04.935"}}, {"model": "cms.cmsplugin", "pk": 198, "fields": {"path": "003X", "depth": 1, "numchild": 0, "placeholder": 39, "parent": null, "position": 0, "language": "de", "plugin_type": "TextPlugin", "creation_date": "2020-07-08T21:33:28.439", "changed_date": "2020-07-11T16:47:04.952"}}, {"model": "cms.cmsplugin", "pk": 199, "fields": {"path": "003Y", "depth": 1, "numchild": 0, "placeholder": 40, "parent": null, "position": 0, "language": "de", "plugin_type": "TextPlugin", "creation_date": "2020-07-08T21:36:51.014", "changed_date": "2020-07-11T16:47:04.972"}}, {"model": "cms.cmsplugin", "pk": 200, "fields": {"path": "003Z", "depth": 1, "numchild": 0, "placeholder": 41, "parent": null, "position": 0, "language": "de", "plugin_type": "TextPlugin", "creation_date": "2020-07-08T21:37:15.957", "changed_date": "2020-07-11T16:47:04.993"}}, {"model": "cms.cmsplugin", "pk": 201, "fields": {"path": "0040", "depth": 1, "numchild": 0, "placeholder": 42, "parent": null, "position": 0, "language": "de", "plugin_type": "TextPlugin", "creation_date": "2020-07-08T21:37:38.066", "changed_date": "2020-07-11T16:47:05.015"}}, {"model": "cms.cmsplugin", "pk": 202, "fields": {"path": "0041", "depth": 1, "numchild": 0, "placeholder": 43, "parent": null, "position": 0, "language": "de", "plugin_type": "TextPlugin", "creation_date": "2020-07-08T21:38:02.617", "changed_date": "2020-07-11T16:47:05.041"}}, {"model": "cms.cmsplugin", "pk": 203, "fields": {"path": "0042", "depth": 1, "numchild": 0, "placeholder": 81, "parent": null, "position": 0, "language": "de", "plugin_type": "TextPlugin", "creation_date": "2020-07-11T15:14:13.168", "changed_date": "2020-07-11T16:47:05.064"}}, {"model": "cms.cmsplugin", "pk": 204, "fields": {"path": "0043", "depth": 1, "numchild": 0, "placeholder": 82, "parent": null, "position": 0, "language": "de", "plugin_type": "TextPlugin", "creation_date": "2020-07-11T15:21:18.394", "changed_date": "2020-07-11T16:47:05.088"}}, {"model": "cms.title", "pk": 1, "fields": {"language": "en", "title": "home", "page_title": "", "menu_title": "", "meta_description": "", "slug": "home", "path": "", "has_url_overwrite": false, "redirect": null, "page": 1, "creation_date": "2020-07-08T10:23:26.797", "published": true, "publisher_is_draft": true, "publisher_public": 2, "publisher_state": 0}}, {"model": "cms.title", "pk": 2, "fields": {"language": "en", "title": "home", "page_title": "", "menu_title": "", "meta_description": "", "slug": "home", "path": "", "has_url_overwrite": false, "redirect": null, "page": 2, "creation_date": "2020-07-08T10:23:26.797", "published": true, "publisher_is_draft": false, "publisher_public": 1, "publisher_state": 0}}, {"model": "cms.title", "pk": 3, "fields": {"language": "en", "title": "about", "page_title": "", "menu_title": "", "meta_description": "", "slug": "about", "path": "about", "has_url_overwrite": false, "redirect": null, "page": 3, "creation_date": "2020-07-08T10:24:00.907", "published": true, "publisher_is_draft": true, "publisher_public": 8, "publisher_state": 0}}, {"model": "cms.title", "pk": 4, "fields": {"language": "en", "title": "imprint", "page_title": "", "menu_title": "", "meta_description": "", "slug": "imprint", "path": "imprint", "has_url_overwrite": false, "redirect": null, "page": 4, "creation_date": "2020-07-08T10:24:48.903", "published": false, "publisher_is_draft": true, "publisher_public": null, "publisher_state": 1}}, {"model": "cms.title", "pk": 5, "fields": {"language": "de", "title": "impressum", "page_title": "", "menu_title": "", "meta_description": "", "slug": "impressum", "path": "impressum", "has_url_overwrite": false, "redirect": null, "page": 4, "creation_date": "2020-07-08T10:25:28.107", "published": true, "publisher_is_draft": true, "publisher_public": 9, "publisher_state": 0}}, {"model": "cms.title", "pk": 6, "fields": {"language": "en", "title": "dataprotection", "page_title": "", "menu_title": "", "meta_description": "", "slug": "dataprotection", "path": "dataprotection", "has_url_overwrite": false, "redirect": null, "page": 5, "creation_date": "2020-07-08T10:25:55.734", "published": false, "publisher_is_draft": true, "publisher_public": null, "publisher_state": 1}}, {"model": "cms.title", "pk": 7, "fields": {"language": "en", "title": "terms-of-use", "page_title": "", "menu_title": "", "meta_description": "", "slug": "terms-of-use", "path": "terms-of-use", "has_url_overwrite": false, "redirect": null, "page": 6, "creation_date": "2020-07-08T10:26:34.352", "published": false, "publisher_is_draft": true, "publisher_public": null, "publisher_state": 1}}, {"model": "cms.title", "pk": 8, "fields": {"language": "en", "title": "about", "page_title": "", "menu_title": "", "meta_description": "", "slug": "about", "path": "about", "has_url_overwrite": false, "redirect": null, "page": 7, "creation_date": "2020-07-08T10:24:00.907", "published": true, "publisher_is_draft": false, "publisher_public": 3, "publisher_state": 0}}, {"model": "cms.title", "pk": 9, "fields": {"language": "de", "title": "impressum", "page_title": "", "menu_title": "", "meta_description": "", "slug": "impressum", "path": "impressum", "has_url_overwrite": false, "redirect": null, "page": 8, "creation_date": "2020-07-08T10:25:28.107", "published": true, "publisher_is_draft": false, "publisher_public": 5, "publisher_state": 0}}, {"model": "cms.title", "pk": 10, "fields": {"language": "de", "title": "dataprotection", "page_title": "", "menu_title": "", "meta_description": "", "slug": "dataprotection", "path": "dataprotection", "has_url_overwrite": false, "redirect": null, "page": 5, "creation_date": "2020-07-08T11:14:55.227", "published": true, "publisher_is_draft": true, "publisher_public": 11, "publisher_state": 0}}, {"model": "cms.title", "pk": 11, "fields": {"language": "de", "title": "dataprotection", "page_title": "", "menu_title": "", "meta_description": "", "slug": "dataprotection", "path": "dataprotection", "has_url_overwrite": false, "redirect": null, "page": 9, "creation_date": "2020-07-08T11:14:55.227", "published": true, "publisher_is_draft": false, "publisher_public": 10, "publisher_state": 0}}, {"model": "cms.title", "pk": 12, "fields": {"language": "de", "title": "Nutzungsbedingungen", "page_title": "", "menu_title": "", "meta_description": "", "slug": "terms-of-use", "path": "terms-of-use", "has_url_overwrite": false, "redirect": null, "page": 6, "creation_date": "2020-07-08T11:16:21.027", "published": true, "publisher_is_draft": true, "publisher_public": 13, "publisher_state": 0}}, {"model": "cms.title", "pk": 13, "fields": {"language": "de", "title": "Nutzungsbedingungen", "page_title": "", "menu_title": "", "meta_description": "", "slug": "terms-of-use", "path": "terms-of-use", "has_url_overwrite": false, "redirect": null, "page": 10, "creation_date": "2020-07-08T11:16:21.027", "published": true, "publisher_is_draft": false, "publisher_public": 12, "publisher_state": 0}}, {"model": "cms.title", "pk": 14, "fields": {"language": "de", "title": "Start", "page_title": "", "menu_title": "", "meta_description": "", "slug": "home", "path": "", "has_url_overwrite": false, "redirect": null, "page": 1, "creation_date": "2020-07-08T21:39:45.362", "published": true, "publisher_is_draft": true, "publisher_public": 15, "publisher_state": 0}}, {"model": "cms.title", "pk": 15, "fields": {"language": "de", "title": "Start", "page_title": "", "menu_title": "", "meta_description": "", "slug": "home", "path": "", "has_url_overwrite": false, "redirect": null, "page": 2, "creation_date": "2020-07-08T21:39:45.362", "published": true, "publisher_is_draft": false, "publisher_public": 14, "publisher_state": 0}}, {"model": "cms.title", "pk": 16, "fields": {"language": "de", "title": "\u00dcber uns", "page_title": "", "menu_title": "", "meta_description": "", "slug": "about", "path": "about", "has_url_overwrite": false, "redirect": null, "page": 3, "creation_date": "2020-07-11T15:39:43.688", "published": true, "publisher_is_draft": true, "publisher_public": 17, "publisher_state": 0}}, {"model": "cms.title", "pk": 17, "fields": {"language": "de", "title": "\u00dcber uns", "page_title": "", "menu_title": "", "meta_description": "", "slug": "about", "path": "about", "has_url_overwrite": false, "redirect": null, "page": 7, "creation_date": "2020-07-11T15:39:43.688", "published": true, "publisher_is_draft": false, "publisher_public": 16, "publisher_state": 0}}, {"model": "cms.urlconfrevision", "pk": 1, "fields": {"revision": "7de74ab6-3259-4855-b494-c01c26a59e27"}}, {"model": "djangocms_text_ckeditor.text", "pk": 1, "fields": {"body": "We match for everyone."}}, {"model": "djangocms_text_ckeditor.text", "pk": 2, "fields": {"body": "I am"}}, {"model": "djangocms_text_ckeditor.text", "pk": 3, "fields": {"body": "I am"}}, {"model": "djangocms_text_ckeditor.text", "pk": 4, "fields": {"body": "A"}}, {"model": "djangocms_text_ckeditor.text", "pk": 5, "fields": {"body": "B"}}, {"model": "djangocms_text_ckeditor.text", "pk": 6, "fields": {"body": "I own an ice cream parlor."}}, {"model": "djangocms_text_ckeditor.text", "pk": 7, "fields": {"body": "This is me"}}, {"model": "djangocms_text_ckeditor.text", "pk": 8, "fields": {"body": "I feel hungry."}}, {"model": "djangocms_text_ckeditor.text", "pk": 9, "fields": {"body": "This is me"}}, {"model": "djangocms_text_ckeditor.text", "pk": 10, "fields": {"body": "How does this work?"}}, {"model": "djangocms_text_ckeditor.text", "pk": 11, "fields": {"body": "<p>Here we provide an interesting explanation how out plattform works, what steps are necessary to get to your ice cream and which flavours we can recommend.</p>\n\n<p>Lorem ipsum dolor sit amet, consetetur sadipscing elitr, sed diam nonumy eirmod tempor invidunt ut labore et dolore magna aliquyam erat, sed diam voluptua. At vero eos et accusam et justo duo dolores et ea rebum. Stet clita kasd gubergren, no sea takimata sanctus est Lorem ipsum dolor sit amet. Lorem ipsum dolor sit amet, consetetur sadipscing elitr, sed diam nonumy eirmod tempor invidunt ut labore et dolore magna aliquyam erat, sed diam voluptua. At vero eos et accusam et justo duo dolores et ea rebum. Stet clita kasd gubergren, no sea takimata sanctus est Lorem ipsum dolor sit amet.</p>"}}, {"model": "djangocms_text_ckeditor.text", "pk": 12, "fields": {"body": "<p>another open-source project</p>"}}, {"model": "djangocms_text_ckeditor.text", "pk": 25, "fields": {"body": "Wir sind das Team von match4everyone! Muhahaha"}}, {"model": "djangocms_text_ckeditor.text", "pk": 26, "fields": {"body": "<p>match4everyone is free4everyone</p>"}}, {"model": "djangocms_text_ckeditor.text", "pk": 29, "fields": {"body": "<h5>Personen hinter dem Projekt</h5>\n\n<p><strong>match4everyone e.V.</strong><br>\n<br>\nTel.: ----<br>\nE-Mail: &lt;script type=\"text/javascript\"&gt;document.write(decode(\"abc@example.qr\"))&lt;/script&gt;<br>\n<br>\nVerantwortlicher f\u00fcr den Inhalt auf dieser Website ist XY</p>\n\n<p>\u00a0</p>\n\n<p>\u00a0</p>\n\n<h5>Datenschutz</h5>\n\n<p>\u00a0</p>\n\n<p>\u00a0</p>\n\n<p>Unsere Datenschutzerkl\u00e4rung finden Sie <a href=\"/dataprotection\">hier</a>.</p>"}}, {"model": "djangocms_text_ckeditor.text", "pk": 31, "fields": {"body": "<p>Angaben gem\u00e4\u00df \u00a7 5 TMG</p>\n\n<h5>Urheberrecht</h5>\n\n<p>Wir entwickeln die Inhalte dieser Webseite st\u00e4ndig weiter und bem\u00fchen uns korrekte und aktuelle Informationen bereitzustellen. Leider k\u00f6nnen wir keine Haftung f\u00fcr die Korrektheit aller Inhalte auf dieser Webseite \u00fcbernehmen, speziell f\u00fcr jene die seitens Dritter bereitgestellt wird. Sollten Ihnen problematische oder rechtswidrige Inhalte auffallen, bitte wir Sie uns umgehend zu kontaktieren, Sie finden die Kontaktdaten im Impressum.</p>\n\n<h5>Haftungsausschluss</h5>\n\n<p>Die auf dieser Webseite bereitgestellten Informationen werden nach bestem Wissen und Gewissen erarbeitet, gepr\u00fcft und regelm\u00e4\u00dfig aktualisiert. Es wird jedoch keinerlei Gew\u00e4hr f\u00fcr die Richtigkeit, Vollst\u00e4ndigkeit, Aktualit\u00e4t und jederzeitige Verf\u00fcgbarkeit der zur Verf\u00fcgung gestellten Informationen \u00fcbernommen.</p>\n\n<h5>Haftung f\u00fcr Links auf dieser Webseite</h5>\n\n<p>Unsere Webseite enth\u00e4lt Links zu anderen Webseiten f\u00fcr deren Inhalt wir nicht verantwortlich sind. Wenn Ihnen rechtswidrige Links auf unserer Webseite auffallen, bitte wir Sie uns zu kontaktieren, Sie finden die Kontaktdaten im Impressum. Kim Platzhalterfrau ist nur f\u00fcr die von ihr bereitgestellten Inhalte verantwortlich. Davon zu unterscheiden sind Querverweise (Links) auf die Webseiten anderer Anbieter. Die Kim Platzhalterfrau ist f\u00fcr den Inhalt der Webseiten, die auf Grund einer solchen Verbindung erreicht werden, nicht verantwortlich. F\u00fcr illegale, fehlerhafte oder unvollst\u00e4ndige Inhalte sowie Sch\u00e4den, die aus der Nutzung oder Nichtnutzung von Informationen Dritter entstehen, haftet alleine der jeweilige Anbieter der Seite, auf welche verwiesen wird.</p>\n\n<h5>Bildernachweis</h5>\n\n<p>Die ver\u00f6ffentlichten Bilder auf dieser Website unterliegen dem Urheberrecht. Eine Verwertung der Bilder bedarf daher einer Zustimmung der jeweiligen Berechtigten.</p>\n\n<h5>Haftungsausschluss AGB/Datenschutz</h5>\n\n<p>Wir verbinden Helfende mit Hilfesuchenden. Der Einsatz erfolgt in Eigenverantwortung und in Verantwortung der entsprechenden Einrichtung. <a href=\"/terms-of-use\">Die allgemeinen Nutzungsbedingungen finden Sie hier.</a></p>"}}, {"model": "djangocms_text_ckeditor.text", "pk": 34, "fields": {"body": "<p>Datenschutzerkl\u00e4rung</p>"}}, {"model": "djangocms_text_ckeditor.text", "pk": 35, "fields": {"body": "<h4><strong>Datenschutzinformationen</strong></h4>\n                    <p>Vielen Dank f\u00fcr Ihr Interesse an unserer Internetseite. Der Schutz Ihrer personenbezogenen\n                        Daten ist uns wichtig. </p>\n                    <p>Sie finden nachfolgend Informationen dazu, welche personenbezogenen Daten bei dem Besuch und der\n                        Nutzung der Angebote auf unserer Seite www.match4everyone.de erhoben und verarbeitet\n                        werden</p>\n                    <p><strong>Name und Kontaktdaten des Verantwortlichen<br>\n                    </strong>Verantwortlicher i.S.d. Art. 4 Abs. 7 DSGVO:</p>\n                    <p><strong>Name</strong><br>\n                        Someone\n                    </p><p><strong>Kontaktdaten des Datenschutzbeauftragten</strong><br>\n                        Unser Datenschutzbeauftragter:<br>\n                        Someone\n                    </p>"}}, {"model": "djangocms_text_ckeditor.text", "pk": 36, "fields": {"body": "<p>Datenschutzerkl\u00e4rung</p>"}}, {"model": "djangocms_text_ckeditor.text", "pk": 37, "fields": {"body": "<h4><strong>Datenschutzinformationen</strong></h4>\n                    <p>Vielen Dank f\u00fcr Ihr Interesse an unserer Internetseite. Der Schutz Ihrer personenbezogenen\n                        Daten ist uns wichtig. </p>\n                    <p>Sie finden nachfolgend Informationen dazu, welche personenbezogenen Daten bei dem Besuch und der\n                        Nutzung der Angebote auf unserer Seite www.match4everyone.de erhoben und verarbeitet\n                        werden</p>\n                    <p><strong>Name und Kontaktdaten des Verantwortlichen<br>\n                    </strong>Verantwortlicher i.S.d. Art. 4 Abs. 7 DSGVO:</p>\n                    <p><strong>Name</strong><br>\n                        Someone\n                    </p><p><strong>Kontaktdaten des Datenschutzbeauftragten</strong><br>\n                        Unser Datenschutzbeauftragter:<br>\n                        Someone\n                    </p>"}}, {"model": "djangocms_text_ckeditor.text", "pk": 38, "fields": {"body": "<p>Terms of Use</p>"}}, {"model": "djangocms_text_ckeditor.text", "pk": 39, "fields": {"body": "<h4>Welcome to match4everyone.</h4>"}}, {"model": "djangocms_text_ckeditor.text", "pk": 44, "fields": {"body": "Wir matchen jeden."}}, {"model": "djangocms_text_ckeditor.text", "pk": 45, "fields": {"body": "Ich bin"}}, {"model": "djangocms_text_ckeditor.text", "pk": 46, "fields": {"body": "Ich bin"}}, {"model": "djangocms_text_ckeditor.text", "pk": 47, "fields": {"body": "A"}}, {"model": "djangocms_text_ckeditor.text", "pk": 48, "fields": {"body": "B"}}, {"model": "djangocms_text_ckeditor.text", "pk": 49, "fields": {"body": "Ich besitze eine Eisdiele."}}, {"model": "djangocms_text_ckeditor.text", "pk": 50, "fields": {"body": "Ich habe Hunger."}}, {"model": "djangocms_text_ckeditor.text", "pk": 51, "fields": {"body": "Das bin ich."}}, {"model": "djangocms_text_ckeditor.text", "pk": 52, "fields": {"body": "Das bin ich."}}, {"model": "djangocms_text_ckeditor.text", "pk": 53, "fields": {"body": "Wie funktioniert das?"}}, {"model": "djangocms_text_ckeditor.text", "pk": 54, "fields": {"body": "<p>Hier erkl\u00e4ren wir, wie diese Website funktioniert und welche Schritte n\u00f6tig sind, damit auch du so schnell wie m\u00f6glich an dein Eis kommst.</p>\n\n<p>\u00a0</p>\n\n<p>Lorem ipsum dolor sit amet, consetetur sadipscing elitr, sed diam nonumy eirmod tempor invidunt ut labore et dolore magna aliquyam erat, sed diam voluptua. At vero eos et accusam et justo duo dolores et ea rebum. Stet clita kasd gubergren, no sea takimata sanctus est Lorem ipsum dolor sit amet. Lorem ipsum dolor sit amet, consetetur sadipscing elitr, sed diam nonumy eirmod tempor invidunt ut labore et dolore magna aliquyam erat, sed diam voluptua. At vero eos et accusam et justo duo dolores et ea rebum. Stet clita kasd gubergren, no sea takimata sanctus est Lorem ipsum dolor sit amet.</p>"}}, {"model": "djangocms_text_ckeditor.text", "pk": 55, "fields": {"body": "noch ein open-source Projekt"}}, {"model": "djangocms_text_ckeditor.text", "pk": 80, "fields": {"body": "This is me."}}, {"model": "djangocms_text_ckeditor.text", "pk": 81, "fields": {"body": "This is me."}}, {"model": "djangocms_text_ckeditor.text", "pk": 120, "fields": {"body": "Registrier deine Eisdiele"}}, {"model": "djangocms_text_ckeditor.text", "pk": 121, "fields": {"body": "Zeig mir die Eisdielen"}}, {"model": "djangocms_text_ckeditor.text", "pk": 165, "fields": {"body": "We match for everyone."}}, {"model": "djangocms_text_ckeditor.text", "pk": 166, "fields": {"body": "I am"}}, {"model": "djangocms_text_ckeditor.text", "pk": 167, "fields": {"body": "A"}}, {"model": "djangocms_text_ckeditor.text", "pk": 168, "fields": {"body": "I own an ice cream parlor."}}, {"model": "djangocms_text_ckeditor.text", "pk": 169, "fields": {"body": "This is me"}}, {"model": "djangocms_text_ckeditor.text", "pk": 170, "fields": {"body": "I am"}}, {"model": "djangocms_text_ckeditor.text", "pk": 171, "fields": {"body": "B"}}, {"model": "djangocms_text_ckeditor.text", "pk": 172, "fields": {"body": "I feel hungry."}}, {"model": "djangocms_text_ckeditor.text", "pk": 173, "fields": {"body": "This is me"}}, {"model": "djangocms_text_ckeditor.text", "pk": 174, "fields": {"body": "How does this work?"}}, {"model": "djangocms_text_ckeditor.text", "pk": 175, "fields": {"body": "<p>Here we provide an interesting explanation how out plattform works, what steps are necessary to get to your ice cream and which flavours we can recommend.</p>\n\n<p>Lorem ipsum dolor sit amet, consetetur sadipscing elitr, sed diam nonumy eirmod tempor invidunt ut labore et dolore magna aliquyam erat, sed diam voluptua. At vero eos et accusam et justo duo dolores et ea rebum. Stet clita kasd gubergren, no sea takimata sanctus est Lorem ipsum dolor sit amet. Lorem ipsum dolor sit amet, consetetur sadipscing elitr, sed diam nonumy eirmod tempor invidunt ut labore et dolore magna aliquyam erat, sed diam voluptua. At vero eos et accusam et justo duo dolores et ea rebum. Stet clita kasd gubergren, no sea takimata sanctus est Lorem ipsum dolor sit amet.</p>"}}, {"model": "djangocms_text_ckeditor.text", "pk": 176, "fields": {"body": "<p>another open-source project</p>"}}, {"model": "djangocms_text_ckeditor.text", "pk": 177, "fields": {"body": "This is me."}}, {"model": "djangocms_text_ckeditor.text", "pk": 178, "fields": {"body": "This is me."}}, {"model": "djangocms_text_ckeditor.text", "pk": 179, "fields": {"body": "Wir sind das Team von match4everyone! Muhahaha"}}, {"model": "djangocms_text_ckeditor.text", "pk": 180, "fields": {"body": "<p>match4everyone is free4everyone</p>"}}, {"model": "djangocms_text_ckeditor.text", "pk": 181, "fields": {"body": "Wir sind das Team von match4everyone. Hihihi"}}, {"model": "djangocms_text_ckeditor.text", "pk": 182, "fields": {"body": "<p>Wir haben ganz toll gearbeitet. Wirklich!</p>"}}, {"model": "djangocms_text_ckeditor.text", "pk": 183, "fields": {"body": "Wir sind das Team von match4everyone. Hihihi"}}, {"model": "djangocms_text_ckeditor.text", "pk": 184, "fields": {"body": "<p>Wir haben ganz toll gearbeitet. Wirklich!</p>"}}, {"model": "djangocms_text_ckeditor.text", "pk": 185, "fields": {"body": "<h5>Personen hinter dem Projekt</h5>\n\n<p><strong>match4everyone e.V.</strong><br>\n<br>\nTel.: ----<br>\nE-Mail: &lt;script type=\"text/javascript\"&gt;document.write(decode(\"abc@example.qr\"))&lt;/script&gt;<br>\n<br>\nVerantwortlicher f\u00fcr den Inhalt auf dieser Website ist XY</p>\n\n<p>\u00a0</p>\n\n<p>\u00a0</p>\n\n<h5>Datenschutz</h5>\n\n<p>\u00a0</p>\n\n<p>\u00a0</p>\n\n<p>Unsere Datenschutzerkl\u00e4rung finden Sie <a href=\"/dataprotection\">hier</a>.</p>"}}, {"model": "djangocms_text_ckeditor.text", "pk": 186, "fields": {"body": "<p>Angaben gem\u00e4\u00df \u00a7 5 TMG</p>\n\n<h5>Urheberrecht</h5>\n\n<p>Wir entwickeln die Inhalte dieser Webseite st\u00e4ndig weiter und bem\u00fchen uns korrekte und aktuelle Informationen bereitzustellen. Leider k\u00f6nnen wir keine Haftung f\u00fcr die Korrektheit aller Inhalte auf dieser Webseite \u00fcbernehmen, speziell f\u00fcr jene die seitens Dritter bereitgestellt wird. Sollten Ihnen problematische oder rechtswidrige Inhalte auffallen, bitte wir Sie uns umgehend zu kontaktieren, Sie finden die Kontaktdaten im Impressum.</p>\n\n<h5>Haftungsausschluss</h5>\n\n<p>Die auf dieser Webseite bereitgestellten Informationen werden nach bestem Wissen und Gewissen erarbeitet, gepr\u00fcft und regelm\u00e4\u00dfig aktualisiert. Es wird jedoch keinerlei Gew\u00e4hr f\u00fcr die Richtigkeit, Vollst\u00e4ndigkeit, Aktualit\u00e4t und jederzeitige Verf\u00fcgbarkeit der zur Verf\u00fcgung gestellten Informationen \u00fcbernommen.</p>\n\n<h5>Haftung f\u00fcr Links auf dieser Webseite</h5>\n\n<p>Unsere Webseite enth\u00e4lt Links zu anderen Webseiten f\u00fcr deren Inhalt wir nicht verantwortlich sind. Wenn Ihnen rechtswidrige Links auf unserer Webseite auffallen, bitte wir Sie uns zu kontaktieren, Sie finden die Kontaktdaten im Impressum. Kim Platzhalterfrau ist nur f\u00fcr die von ihr bereitgestellten Inhalte verantwortlich. Davon zu unterscheiden sind Querverweise (Links) auf die Webseiten anderer Anbieter. Die Kim Platzhalterfrau ist f\u00fcr den Inhalt der Webseiten, die auf Grund einer solchen Verbindung erreicht werden, nicht verantwortlich. F\u00fcr illegale, fehlerhafte oder unvollst\u00e4ndige Inhalte sowie Sch\u00e4den, die aus der Nutzung oder Nichtnutzung von Informationen Dritter entstehen, haftet alleine der jeweilige Anbieter der Seite, auf welche verwiesen wird.</p>\n\n<h5>Bildernachweis</h5>\n\n<p>Die ver\u00f6ffentlichten Bilder auf dieser Website unterliegen dem Urheberrecht. Eine Verwertung der Bilder bedarf daher einer Zustimmung der jeweiligen Berechtigten.</p>\n\n<h5>Haftungsausschluss AGB/Datenschutz</h5>\n\n<p>Wir verbinden Helfende mit Hilfesuchenden. Der Einsatz erfolgt in Eigenverantwortung und in Verantwortung der entsprechenden Einrichtung. <a href=\"/terms-of-use\">Die allgemeinen Nutzungsbedingungen finden Sie hier.</a></p>"}}, {"model": "djangocms_text_ckeditor.text", "pk": 189, "fields": {"body": "<p>Terms of Use</p>"}}, {"model": "djangocms_text_ckeditor.text", "pk": 190, "fields": {"body": "<h4>Welcome to match4everyone.</h4>"}}, {"model": "djangocms_text_ckeditor.text", "pk": 191, "fields": {"body": "Wir matchen jeden."}}, {"model": "djangocms_text_ckeditor.text", "pk": 192, "fields": {"body": "Ich bin"}}, {"model": "djangocms_text_ckeditor.text", "pk": 193, "fields": {"body": "A"}}, {"model": "djangocms_text_ckeditor.text", "pk": 194, "fields": {"body": "Ich besitze eine Eisdiele."}}, {"model": "djangocms_text_ckeditor.text", "pk": 195, "fields": {"body": "Das bin ich."}}, {"model": "djangocms_text_ckeditor.text", "pk": 196, "fields": {"body": "Ich bin"}}, {"model": "djangocms_text_ckeditor.text", "pk": 197, "fields": {"body": "B"}}, {"model": "djangocms_text_ckeditor.text", "pk": 198, "fields": {"body": "Ich habe Hunger."}}, {"model": "djangocms_text_ckeditor.text", "pk": 199, "fields": {"body": "Das bin ich."}}, {"model": "djangocms_text_ckeditor.text", "pk": 200, "fields": {"body": "Wie funktioniert das?"}}, {"model": "djangocms_text_ckeditor.text", "pk": 201, "fields": {"body": "<p>Hier erkl\u00e4ren wir, wie diese Website funktioniert und welche Schritte n\u00f6tig sind, damit auch du so schnell wie m\u00f6glich an dein Eis kommst.</p>\n\n<p>\u00a0</p>\n\n<p>Lorem ipsum dolor sit amet, consetetur sadipscing elitr, sed diam nonumy eirmod tempor invidunt ut labore et dolore magna aliquyam erat, sed diam voluptua. At vero eos et accusam et justo duo dolores et ea rebum. Stet clita kasd gubergren, no sea takimata sanctus est Lorem ipsum dolor sit amet. Lorem ipsum dolor sit amet, consetetur sadipscing elitr, sed diam nonumy eirmod tempor invidunt ut labore et dolore magna aliquyam erat, sed diam voluptua. At vero eos et accusam et justo duo dolores et ea rebum. Stet clita kasd gubergren, no sea takimata sanctus est Lorem ipsum dolor sit amet.</p>"}}, {"model": "djangocms_text_ckeditor.text", "pk": 202, "fields": {"body": "noch ein open-source Projekt"}}, {"model": "djangocms_text_ckeditor.text", "pk": 203, "fields": {"body": "Registrier deine Eisdiele"}}, {"model": "djangocms_text_ckeditor.text", "pk": 204, "fields": {"body": "Zeig mir die Eisdielen"}}]
